{
  "accuracy": 0.7382169222032936,
  "precision": 0.5040106951871658,
  "recall": 0.8072805139186295,
  "f1": 0.6205761316872428,
  "n_train": 5282,
  "n_test": 1761
}